model_name,model_path,trained_model_path,size_mb,parameters,training_time_hours,default_map50,default_map50_95,default_precision,default_recall,best_confidence,optimized_map50,optimized_map50_95,optimized_precision,optimized_recall,map50_improvement,map50_95_improvement,precision_improvement,recall_improvement,avg_inference_time,fps,total_inference_time_yolo,fps_yolo,confidence_results,completed_at,part
yolov5n,yolov5nu.pt,yolo_litter_detection_part1/yolov5n/weights/best.pt,5.305060386657715,2654816,0.7875919171836641,0.5073794779140355,0.3310222791919989,0.7023295282339992,0.4393305439330544,0.6,0.605132050070753,0.4653655347949545,0.8541666666666666,0.34309623430962344,0.09775257215671751,0.13434325560295562,0.15183713843266744,-0.09623430962343094,0.06263225078582764,15.966215287704125,0.008270815218550928,120.90706581825958,"[{'confidence': 0.001, 'mAP50': 0.5272602223287828, 'mAP50_95': 0.35105540109495803}, {'confidence': 0.1, 'mAP50': 0.5763597055766487, 'mAP50_95': 0.4079911388061723}, {'confidence': 0.2, 'mAP50': 0.603755591894628, 'mAP50_95': 0.4368726153813842}, {'confidence': 0.3, 'mAP50': 0.6146870778012822, 'mAP50_95': 0.4518805346419164}, {'confidence': 0.4, 'mAP50': 0.6239171381753694, 'mAP50_95': 0.46556723881922163}, {'confidence': 0.5, 'mAP50': 0.6264443808972618, 'mAP50_95': 0.4727258284792394}, {'confidence': 0.6, 'mAP50': 0.6334518975720815, 'mAP50_95': 0.48504781082935267}, {'confidence': 0.7, 'mAP50': 0.6296277208986587, 'mAP50_95': 0.49118437674977306}, {'confidence': 0.8, 'mAP50': 0.6060810504459309, 'mAP50_95': 0.49232380901964296}, {'confidence': 0.9, 'mAP50': 0.520690909090909, 'mAP50_95': 0.473933106660145}, {'confidence': 0.95, 'mAP50': 0.0, 'mAP50_95': 0.0}]",2025-07-05T06:55:20.012026,1
