model_name,model_path,trained_model_path,size_mb,parameters,training_time_hours,default_map50,default_map50_95,default_precision,default_recall,best_confidence,optimized_map50,optimized_map50_95,optimized_precision,optimized_recall,map50_improvement,map50_95_improvement,precision_improvement,recall_improvement,avg_inference_time,fps,total_inference_time_yolo,fps_yolo,confidence_results,completed_at,part
yolov9t,yolov9t.pt,yolo_litter_detection_part2/yolov9t/weights/best.pt,4.7395734786987305,2128720,0.22839526461230383,0.054090916292943894,0.025460679380128803,0.3412750273985046,0.034371643394199784,0.2,0.3223863636363636,0.184667874312647,0.6363636363636364,0.007518796992481203,0.2682954473434197,0.1592071949325182,0.2950886089651317,-0.02685284640171858,0.2378077721595764,4.205077028891086,0.13494140801324928,7.410623727164715,"[{'confidence': 0.001, 'mAP50': 0.047984693149316714, 'mAP50_95': 0.023056688783684377}, {'confidence': 0.1, 'mAP50': 0.24032759445241514, 'mAP50_95': 0.09904366047036253}, {'confidence': 0.2, 'mAP50': 0.3017927565392353, 'mAP50_95': 0.15085162165377028}, {'confidence': 0.3, 'mAP50': 0.2504959919839679, 'mAP50_95': 0.10019839679358715}, {'confidence': 0.4, 'mAP50': 0.0, 'mAP50_95': 0.0}, {'confidence': 0.5, 'mAP50': 0.0, 'mAP50_95': 0.0}, {'confidence': 0.6, 'mAP50': 0.0, 'mAP50_95': 0.0}, {'confidence': 0.7, 'mAP50': 0.0, 'mAP50_95': 0.0}, {'confidence': 0.8, 'mAP50': 0.0, 'mAP50_95': 0.0}, {'confidence': 0.9, 'mAP50': 0.0, 'mAP50_95': 0.0}, {'confidence': 0.95, 'mAP50': 0.0, 'mAP50_95': 0.0}]",2025-07-05T16:22:01.513182,2
